symbol,stock_name
300481,濮阳惠成
002007,华兰生物
000799,酒鬼酒
603799,华友钴业
300014,亿纬锂能
002967,广电计量
000858,五粮液
600745,闻泰科技
000963,华东医药
603939,益丰药房
605168,三人行
300770,新媒股份
603358,华达科技
000538,云南白药
000049,德赛电池
002407,多氟多
300595,欧普康视
600519,贵州茅台
300776,帝尔激光
000818,航锦科技
600779,水井坊
002572,索菲亚
603505,金石资源
603787,新日股份
603517,绝味食品
300454,深信服
002922,伊戈尔
600809,山西汾酒
002965,祥鑫科技
688670,金迪克
688029,南微医学
603659,璞泰来
603986,兆易创新
603345,安井食品
300750,宁德时代
002049,紫光国微
600600,青岛啤酒
600436,片仔癀
603338,浙江鼎力
300613,富瀚微
600570,恒生电子
002241,歌尔股份
000568,泸州老窖
002371,北方华创
688698,伟创电气
603919,金徽酒
603666,亿嘉和
603960,克来机电
600703,三安光电
601888,中国中免
000596,古井贡酒
300207,欣旺达
300487,蓝晓科技
002139,拓邦股份
002304,洋河股份
002460,赣锋锂业
000860,顺鑫农业
600660,福耀玻璃
603129,春风动力
603040,新坐标
688228,开普云
002410,广联达
688788,科思科技
000661,长春高新
601633,长城汽车
002970,锐明技术
603916,苏博特
600529,山东药玻
300618,寒锐钴业
600763,通策医疗
603160,汇顶科技
600584,长电科技
300421,力星股份
600559,老白干酒
603613,国联股份
002050,三花智控
600702,舍得酒业
002475,立讯精密
