code,name,income_2017,income_2018,income_2019,income_2020,income_2021
000001,平安银行,105786.0,116716.0,137958.0,153542.0,169383.0
600820,隧道股份,31526.4377,37266.241,43623.6802,54006.2469,62226.14
600809,山西汾酒,6037.4817,9381.9379,11880.0733,13989.8049,19970.9863
600845,宝信软件,4775.7795,5471.1029,6849.0434,9517.763,11759.3615
600873,梅花生物,11132.1611,12648.0458,14553.5475,17049.5145,22836.8903
000593,德龙汇能,485.5897,630.9649,1037.9575,1275.4347,1507.4987
600805,悦达投资,1525.1823,2085.4007,2581.8129,3025.6377,3886.9388
600876,洛阳玻璃,367.0471,1402.7482,1854.8422,3045.6149,3605.6020000000003
600874,创业环保,2148.341,2447.515,2851.453,3363.8740000000003,4535.579000000001
000690,宝新能源,2514.8721,3834.2916,5626.8233,7159.6722,9410.6485
000598,兴蓉环境,3731.3389,4159.65,4838.025,5370.6143,6732.3616
600732,爱旭股份,45.9253,156.7176,6069.2372,9663.7438,15470.5027
000425,徐工机械,29131.1046,44410.0056,59175.9989,73968.1486,84327.5792
600793,宜宾纸业,1157.9648,1292.7985,1601.1889999999999,1866.5351,2116.919
600789,鲁抗医药,2599.2889,3329.6048,3732.7189,4205.1091,4890.6726
000628,高新发展,572.6086,953.2409,3310.8715,5533.0788,6611.7968
600894,广日股份,4808.7654,5463.0096,6121.8915,6773.4406,7766.848000000001
000700,模塑科技,4340.1498,4965.6474,5489.5281,6124.4526,7389.8711
000656,金科股份,34757.6231,41233.6764,67773.3745,87704.41,112309.6711
600773,西藏城投,964.8522,1176.9557,1343.82,1863.8215,2514.4578
600784,鲁银投资,1553.098,1984.2028,2262.4608,2539.9587,3019.9251
000661,长春高新,4102.2616,5374.9947,7373.7013,8576.6007,10746.7173
600763,通策医疗,1179.7278,1546.0435,1894.2183,2087.8649,2780.7254
000876,新希望,62566.8486,69063.2253,82050.5395,109825.2244,126261.7026
000799,酒鬼酒,878.3314,1186.8839,1511.9028,1826.1717,3414.3654
000069,华侨城A,42341.2247,48142.3432,60025.0272,81868.0901,102583.6509
600057,厦门象屿,203290.6343,234007.56600000002,272411.6816,360214.7835,462516.2301
600111,北方稀土,10203.9754,13954.719,18091.7993,21245.9254,30408.3962
000498,山东路桥,12384.7298,14768.3827,23260.4769,34437.327000000005,57522.2903
000062,深圳华强,8297.8809,11799.7166,14355.2837,16330.9831,22840.5817
600095,湘财股份,222.5663,299.4046,459.4938,730.8666,2548.2736
600882,妙可蓝多,981.9981,1225.6899,1744.3491,2846.8072,4478.3056
000858,五粮液,30186.7804,40030.1896,50118.1059,57321.0595,66209.0536
600170,上海建工,142082.6386,170545.7831,205496.7078,231327.232,281055.468
600153,建发股份,218601.579,280381.7907,337238.6726,432949.4875,707844.4959999999
600183,生益科技,10751.5541,11981.0817,13241.0852,14687.3415,20274.263
600707,彩虹股份,452.8093,1929.2562,5860.0614,10447.9764,15173.6296
600206,有研新材,4079.6206,4767.9076,10452.4541,12969.038999999999,16058.6092
000938,紫光股份,39071.0409,48305.7859,54099.0577,59704.8944,67637.5385
000948,南天信息,2315.8098,2779.8032,3303.3674,4239.4382,5592.709
000950,重药控股,23044.6007,25802.7392,33843.8215,45219.5708,62520.7553
000090,天健集团,6749.5936,10209.4841,14665.2886,17124.7079,23269.3319
000906,浙商中拓,48407.0854,63293.8101,73463.914,108976.5286,178270.1588
600383,金地集团,37332.2095,50311.8175,63084.2102,83656.711,98934.9157
600298,安琪酵母,5775.7282,6685.6007,7652.7546,8933.0358,10675.333
600378,昊华科技,526.8575,4181.8289,4700.6861,5422.2648,7424.3541
600233,圆通速递,19982.201,27465.1445,31151.121,34907.0416,45154.9536
600008,首创环保,9285.4684,12455.363000000001,14907.2736,19224.6036,22232.592999999997
600323,瀚蓝环境,4202.0807,4848.4948,6160.0311,7481.4355,11776.5148
600519,贵州茅台,58217.8613,73638.8724,85429.5735,94915.3809,106190.1548
600528,中铁工业,15885.5861,17897.8637,20575.1317,24291.8108,27157.1687
600346,恒力石化,22287.9664,60067.2552,100782.3711,152373.3957,197970.3449
600486,扬农化工,4438.2282,5290.7258,8701.4717,9831.1564,11841.4644
600397,安源煤业,4130.168,5048.6557,5553.9872,7602.7814,9383.6742
600529,山东药玻,2330.4884,2584.6272,2992.3468,3427.0695,3875.3047
600496,精工钢构,6532.7759,8630.5894,10235.4461,11484.0186,15141.3598
600436,片仔癀,3713.954,4766.1569,5722.2734,6510.781999999999,8021.5505
600039,四川路桥,32762.8211,40019.2214,52725.4766,61069.9075,85048.5124
600392,盛和资源,5203.5598,6226.9641,6959.5185,8157.2516,10616.3491
600459,贵研铂业,15441.6438,17074.0413,21354.9966,28926.4778,36350.9092
600982,宁波能源,1557.8261,1741.0014,3411.6525,4410.6721,6913.741
600406,国电南瑞,24197.9081,28540.3708,32423.5945,38502.4111,42411.0074
600022,山东钢铁,47898.3779,55908.4636,71091.6903,87316.7073,110850.9177
600284,浦东建设,3261.8335,3672.3781,6219.6106,8376.4858,11394.7861
600984,建设机械,1829.1744,2227.295,3251.4069,4001.242,4724.6163
600461,洪城环境,3544.1706,4377.7511,5380.99,6601.1645,8174.3539
002142,宁波银行,25314.32,28930.304,35081.391,41111.0,52774.0
000166,申万宏源,13367.783000000001,15277.4259,24593.4118,29409.186,34307.4281
601919,中远海控,90463.9579,120829.5288,151056.6821,171258.8338,333693.6108
002115,三维通信,1181.4367,3553.6141,5558.891,8738.0542,10263.7125
002100,天康生物,4630.0257,5273.0324,7476.3164,11986.8089,15744.3376
002060,粤水电,6630.4555,8308.3851,11143.485,12583.0249,14361.3138
601872,招商轮船,6095.3496,10931.0974,14556.413,18072.9326,24412.2303
002138,顺络电子,1987.5579,2362.0428,2693.2274,3476.6091,4577.3175
002139,拓邦股份,2682.5684,3406.6975,4098.8554,5560.183000000001,7767.0348
002131,利欧股份,10572.6307,12250.0386,14032.6242,15547.8679,20280.9071
002179,中航光电,6361.8131,7816.0187,9158.8265,10305.2224,12866.8627
002140,东华科技,2908.8384,4034.0466,4517.996,5210.3048,6003.1246
002129,TCL中环,9644.1875,13755.7164,16886.9713,19056.7761,41104.685
002156,通富微电,6519.2552,7222.863,8266.5746,10768.7,15812.2328
002171,楚江新材,11044.025,13107.1065,17047.9721,22974.092,37349.6053
601668,中国建筑,1054106.503,1199324.525,1419836.5880000002,1615023.3269999998,1891338.97
002244,滨江集团,13773.704,21115.4745,24954.5033,28596.7998,37976.3565
601899,紫金矿业,94548.6191,105994.2461,136097.978,171501.3385,225102.4886
002271,东方雨虹,10292.9654,14045.7083,18154.3442,21730.373,31934.201
002371,北方华创,2222.8185,3323.8509999999997,4058.3129,6056.043000000001,9683.4781
002230,科大讯飞,5444.6881,7917.2219,10078.6889,13024.6579,18313.6056
601992,金隅集团,63678.3309,83116.7331,91829.3111,108004.8844,123634.4481
300001,特锐德,5104.9977,5903.6232,6739.0861,7420.6174,9441.0759
601877,正泰电器,23416.55,27420.8327,30225.9063,33253.0621,38864.6236
300014,亿纬锂能,2982.3048,4351.1906,6411.6416,8161.8062,16899.8041
002352,顺丰控股,71094.297,90942.6942,112193.3961,153986.8701,207186.647
300012,华测检测,2118.2305,2680.8812,3183.2557,3567.7128,4329.0886
300026,红日药业,3374.0190000000002,4223.9647,5002.9385,6488.1159,7670.525
300019,硅宝科技,728.2306,870.573,1018.035,1523.634,2555.6797
300059,东方财富,1112.3371,1309.5807,1478.0410000000002,3252.2883,5404.805
002300,太阳电缆,4094.6446,5104.6121,6974.8651,7941.4601,11224.7468
002282,博深股份,592.0102,1054.0386,1168.2171,1292.338,1583.4249
688122,西部超导,948.1658,1088.3905,1446.1074,2112.833,2927.2188
300015,爱尔眼科,5962.8456,8008.5740000000005,9990.104,11912.41,15000.8094
002342,巨力索具,1415.9411,1685.1401,1965.9541,2214.7023,2465.9043
601618,中国中冶,243999.86399999997,289534.523,338637.609,400114.62299999996,500571.64700000006
300122,智飞生物,1342.5686,5228.3077,10587.3183,15190.3662,30652.4159
002415,海康威视,41905.4766,49837.1325,57658.1101,63503.4509,81420.0535
300305,裕兴股份,590.5162,738.4814,874.5603,1000.2113,1365.1264
300124,汇川技术,4777.2957,5874.3578,7390.3709,11511.3168,17943.2566
300146,汤臣倍健,3110.7954,4350.7756,5261.7994,6094.9009,7431.2781
002410,广联达,2339.7276,2861.5553,3464.1514,3947.083,5562.2164
300149,睿智医药,275.3536,996.9153,1327.8261,1481.5919,1690.6779
601012,隆基绿能,16362.2845,21987.6149,32897.4554,54583.1836,80932.2511
300142,沃森生物,668.2648,879.0447,1121.2203,2939.0212,3462.8311
300171,东富龙,1724.8792,1916.8219,2264.0043,2707.6882,4192.4211
002368,太极股份,5299.5885,6016.0984,7062.735,8532.6096,10504.8783
002398,垒知集团,1997.6557,2715.6994,3393.5231,3870.7373,4917.7513
300253,卫宁健康,1203.7563,1438.7613,1908.0079,2266.5798,2750.2021
002392,北京利尔,2277.2007,3196.9196,3742.4069,4310.8265,4910.7499
300092,科新机电,333.6371,475.5386,594.3225,735.1608,948.137
002438,江苏神通,755.6614,1087.464,1348.2206,1585.5517,1909.7238
002402,和而泰,1978.5679,2671.1111,3649.3831,4665.6772,5985.847
002409,雅克科技,1132.9221,1547.3987,1832.3852,2273.032,3782.3099
002444,巨星科技,4280.6101,5934.6737,6625.4641,8544.4402,10919.6833
002439,启明星辰,2278.5253,2521.8058,3089.4955,3646.7453,4386.0308
002364,中恒电气,866.1094,984.0825,1173.6021,1433.4952,1818.8727
002541,鸿路钢构,5032.8552,7874.4939,10754.9184,13450.9259,19514.8099
002533,金杯电工,3961.3643,4738.9393,5844.3174,7796.1497,12832.3142
002384,东山精密,15389.5656,19825.42,23552.8251,28093.4094,31793.1479
002498,汉缆股份,4744.9899,5568.1838,6179.6088,6951.7687,8981.293
002387,维信诺,31.7275,1778.1522,2689.5592,3434.3311,4544.4706
300223,北京君正,184.467,259.6701,339.3512,2169.8011,5274.0591
002511,中顺洁柔,4638.3496,5678.5176,6634.9144,7823.5284,9149.8705
002522,浙江众成,635.0857,1048.7803,1245.8107,1449.4981,1795.9702
002475,立讯精密,22826.0998,35849.9642,62516.3146,92501.2592,153946.0978
601369,陕鼓动力,3957.9028,5038.8356,7303.9683,8064.929,10360.9153
300143,盈康生命,329.2296,504.0244,572.9364,661.0544,1089.8675
600998,九州通,73942.8944,87136.3586,99497.0774,110859.5141,122407.43400000001
300272,开能健康,707.5016,901.0228,1052.5255,1181.1216,1511.4874
601985,中国核电,33589.9089,39305.4023,46067.1551,52276.452000000005,62367.2175
601225,陕西煤业,50927.002,57223.725999999995,73403.4431,94860.2723,152266.4232
300755,华致酒行,2406.5184,2720.8042,3737.8884,4941.4416,7459.9951
300316,晶盛机电,1948.8482,2535.7115,3109.7428,3810.6797,5961.3595
601100,恒立液压,2795.2116,4210.9754,5414.022,7855.0384,9309.2181
300358,楚天科技,1280.4161,1631.7906,1915.9662,3576.2134,5259.8730000000005
300298,三诺生物,1033.0077,1550.5134,1778.2093,2015.2141,2361.3081
002595,豪迈科技,2994.9255,3724.4057,4387.0561,5294.4804,6008.3306
300846,首都在线,481.5001,603.1105,739.059,1008.5504,1220.3712
300286,安科瑞,405.3796,457.8338,600.2083,718.7479,1016.9828
300280,紫天科技,361.585,668.5519,861.3174,1415.7289,1650.1804
300244,迪安诊断,5004.1242,6966.8574,8453.207,10649.1618,13082.6132
300346,南大光电,177.2135,228.1749,321.3758,594.9585,984.4463
300285,国瓷材料,1217.6197,1797.7772,2153.0794,2542.2574,3161.7388
002605,姚记科技,662.6348,943.7153,1736.5959,2561.8958,3807.2487
300327,中颖电子,685.7248,757.7105,834.1472,1012.2560000000001,1493.9077
002603,以岭药业,4081.2667,4814.5578,5825.2945,8782.4797,10116.7939
002831,裕同科技,6947.7407,8578.2438,9844.875,11788.9371,14850.1276
605099,共创草坪,1239.3783,1397.6761,1553.5418,1850.2883,2301.6603
002641,公元股份,4569.7211,5353.7765,6290.6063,7036.3005,8880.9663
002649,博彦科技,2250.4981,2882.9632,3687.6459999999997,4309.9684,5532.4488
002675,东诚药业,1595.6011,2332.8229,2992.761,3418.9775,3912.05
002645,华宏科技,1299.943,1915.9181,2161.3404,3375.6877,6776.8288
002911,佛燃能源,4292.2295,5094.2975,6426.8832,7514.5731,13531.1775
002579,中京电子,1076.5532,1761.3372,2098.7748,2339.6578,2944.8275
002701,奥瑞金,7342.3759,8175.3883,9369.1625,10561.0127,13884.9803
603359,东珠生态,1224.3766,1593.7941,2016.6892,2337.9076,2710.7491
002799,环球印务,438.2115,555.1243,1247.3416,1875.3422,2936.3048
002916,深南电路,5686.9394,7602.1417,10524.1969,11600.457,13942.5219
601669,中国电建,266090.4318,294677.9445,347712.7011,401180.655,448325.4906
002669,康达新材,549.9623,928.3258,1066.0744,1932.1355,2271.613
002585,双星新材,3022.9552,3857.5653,4472.3067,5061.3138,5931.2053
300207,欣旺达,14044.8825,20338.3019,25240.6579,29692.3079,37358.7235
300255,常山药业,1420.1614,1652.6339,2071.4798,2363.7859,2968.0508
300402,宝色股份,440.0582,713.8345,917.0506,1092.0626,1256.6422
603799,华友钴业,9653.2227,14450.763,18852.8285,21186.843999999997,35316.549
300274,阳光电源,8886.0601,10368.931999999999,13003.3318,19285.6413,24136.5987
601231,环旭电子,29705.685,33550.275,37204.1884,47696.2282,55299.6548
002946,新乳业,4421.8153,4971.9538,5674.9537,6748.6319,8966.8724
601615,明阳智能,5298.1989,6902.1472,10493.157,22456.9874,27158.0484
300371,汇中股份,246.669,279.7654,360.2637,425.2103,523.5365
688318,财富趋势,169.195,195.1826,225.7692,273.2461,326.3177
603008,喜临门,3187.3579,4210.9345,4871.3983,5623.291,7771.8397
002714,牧原股份,10042.4159,13388.1577,20221.3325,56277.0656,78889.8706
002727,一心堂,7751.1394,9176.2697,10479.0931,12656.2843,14587.4013
300385,雪浪环境,818.0354,959.7256,1242.5297,1487.9496,1812.4938
002698,博实股份,788.0729,915.5749,1459.7411,1827.9129,2112.9548
603609,禾丰股份,13695.8435,15750.7981,17792.092,23817.6008,29468.9259
300379,东方通,292.7864,372.0523,499.9699,640.3378,863.1607
603126,中材节能,1683.9114,1873.5814,2273.1188,2597.0262,2940.8435
002724,海洋王,1096.9557,1253.1965,1494.5807,1704.3029999999999,2112.6177
300347,泰格医药,1687.0335,2300.6597,2803.3093,3192.2785,5213.5381
688789,宏华数科,282.878,472.7597,591.2338,715.8707,943.1060000000001
600927,永安期货,9684.1489,15915.413,22935.2274,25469.3076,37841.5182
688262,国芯科技,130.8833,194.7752,231.5703,261.6063,407.3868
300747,锐科激光,951.8272,1462.0266,2010.1592,2316.6425,3409.5797
301206,三元生物,118.7206,286.2726,475.7262,783.1822,1675.32
003816,中国广核,45637.9645,50827.9192,60875.1763,70584.7106,80678.7448
300500,启迪设计,508.1594,1093.7281,1254.2861,1849.9299,2301.2531
300494,盛天网络,388.3694,494.7187,654.7434,895.8767,1220.8298
002749,国光股份,737.3231,865.4197,1014.2807,1160.0433,1358.4792
603816,顾家家居,6665.444,9172.118,11093.5931,12665.9907,18341.9523
300474,景嘉微,306.2459,397.2179,530.7872,653.7721,1093.2005
603416,信捷电气,483.5734,590.3802,649.6416,1134.3924,1299.3332
002960,青鸟消防,1474.8048,1777.029,2271.0956,2524.6216,3863.393
603039,ST泛微,704.2177,1003.6008,1286.0344,1482.3952,2002.8632
688133,泰坦科技,664.1858,925.6113,1144.0969,1384.4847,2164.2384
002979,雷赛智能,535.4651,596.5078,663.2639999999999,946.4263,1203.1582
603658,安图生物,1400.142,1929.6760000000002,2679.4356,2978.1316,3765.917
603228,景旺电子,4192.0178,4985.5591,6332.1228,7063.5889,9532.4225
603313,梦百合,2338.8036,3049.4734,3831.5883,6530.1343,8139.2546
603060,国检集团,752.4089,937.3075,1107.2799,1472.7716,2216.9837
300529,健帆生物,718.4911,1016.5088,1431.8194,1950.7805,2675.4545
300558,贝达药业,1026.3587,1224.1718,1553.9243,1870.2663,2245.8556
300538,同益股份,1010.1084,1295.6121,1787.3533,2216.5132,2918.3663
300394,天孚通信,337.9924,442.8891,522.9309,873.4492,1032.393
002837,英维克,786.9874,1070.3533,1337.5449,1703.3358,2228.2209
300435,中泰股份,485.5799,594.7323,1034.3302,1977.5002,2406.9974
603966,法兰泰克,636.6077,763.7318,1105.8577,1260.8438,1588.9894
002777,久远银海,690.448,864.1388,1016.3788,1153.5408,1305.9072
688196,卓越新能,872.877,1017.5360000000001,1294.528,1598.3979,3083.492
603010,万盛股份,1473.1745,1732.8936,1929.6023,2329.9275,4114.6035
300560,中富通,390.1258,548.3614,713.6601,793.944,976.9267
300453,三鑫医疗,403.8719,531.3024,721.6681,940.3856,1164.2888
603040,新坐标,270.7713,300.8546,335.654,376.0872,432.0586
002825,纳尔股份,642.8532,788.5183,1017.191,1253.7161,1758.7005
300515,三德科技,206.1607,254.0857,282.4682,319.4492,384.5033
002757,南兴股份,781.1799,1125.8677,1519.9728,2132.9203,2776.7834
603338,浙江鼎力,1139.1838,1707.5383,2389.3553,2956.7583,4939.316
603636,南威软件,807.3131,979.0439,1379.2589,1539.1504,1716.3335
300587,天铁股份,317.5493,490.506,990.2284,1235.3128,1713.2706
002741,光华科技,1299.1914,1520.2201,1713.6235,2014.2646,2580.0958
603638,艾迪精密,641.3293,1020.6529,1442.445,2255.6245,2683.9571
300623,捷捷微电,430.8069,537.4709,673.9971,1010.9009,1772.8009
603611,诺力股份,2119.6011,2552.635,3087.2525,4077.0549,5886.978
688078,龙软科技,107.26899999999999,125.4774,154.34,197.6417,290.8671
603899,晨光股份,6357.103,8534.9886,11141.1014,13137.7457,17607.4033
002758,浙农股份,1369.0981,1522.6891,1679.075,28747.2528,35143.8346
300682,朗新科技,782.935,1015.4755,2968.3301,3386.9798,4639.4495
603668,天马科技,1136.3501,1506.1811,2428.3838,3639.9570000000003,5419.022
300450,先导智能,2176.8953,3890.035,4683.9788,5858.3006,10036.5917
002822,中装建设,3172.9963,4145.6953,4859.1079,5581.4489,6278.1726
300522,世名科技,282.6489,333.0734,371.4952,454.5239,670.1245
002768,国恩股份,2046.9325,3724.2655,5069.3537,7181.295,9765.989
002810,山东赫达,651.4016,913.1145,1112.8448,1308.888,1560.4941
300525,博思软件,309.8824,558.5947,898.7682,1136.3155,1564.1037
300482,万孚生物,1145.4845,1650.0594,2072.3209,2810.8413,3361.0433
002791,坚朗五金,3179.0051,3853.4802,5255.1314,6737.0305,8806.8254
300451,创业慧康,1152.9529,1290.2884,1479.8247,1632.8413,1898.977
300499,高澜股份,558.9295,653.3135,816.825,1228.2323,1679.2576
300563,神宇股份,324.4024,370.1943,471.3336,621.4876,839.6566
300416,苏试试验,490.9165,628.8965,788.0955,1184.8443,1501.6413
601226,华电重工,4820.9774,5835.3832,7175.6735,8906.4155,10329.0272
002735,王子新材,598.1869,911.6941,1325.6012,1541.6272,1735.1357
603319,湘油泵,813.7408,904.3638,1001.6331,1409.0172,1621.5258
603690,至纯科技,369.0779,674.0907,986.4392,1397.0561,2084.0977
603987,康德莱,1256.404,1450.0583,1816.9079,2645.382,3097.0248
603588,高能环境,2305.2401,3762.2503,5075.3869,6826.7328,7826.7713
603606,东方电缆,2061.968,3024.2217,3690.4309,5052.3361,7932.209
300404,博济医药,130.7517,172.0428,224.0647,260.4684,324.2026
603737,三棵树,2619.4602,3584.0168,5972.2634,8200.2284,11428.7109
603345,安井食品,3484.0109,4259.0902,5266.6630000000005,6965.115,9272.2017
603186,华正新材,1513.3723,1677.6341,2025.8565,2284.0807,3619.6856
601611,中国核建,45333.6361,51355.0578,63593.4773,72800.463,83719.9335
603883,老百姓,7501.4323,9471.0893,11663.1762,13966.6992,15695.6641
002812,恩捷股份,1220.27,2457.4928,3159.5616,4283.0076,7982.4268
603027,千禾味业,948.1671,1065.4458,1355.1472,1693.274,1925.2863
002809,红墙股份,630.9865,931.7351,1157.7453,1336.5613,1551.6786
603222,济民医疗,602.8987,697.8316,771.2792,877.64,1098.4699
300443,金雷股份,596.2816,789.6399,1124.0008,1476.5564,1650.8393
300586,美联新材,464.1448,583.7180000000001,1260.2366,1517.1347,1880.7668
600908,无锡银行,2851.4640000000004,3192.1809999999996,3539.711,3896.011,4349.269
002803,吉宏股份,1132.6133,2269.0455,3009.2527,4410.2135,5177.6571
002760,凤形股份,367.5819,468.7367,610.5676,704.4243,945.0426
300476,胜宏科技,2442.1447,3303.9493,3884.6189,5599.6071,7432.0146
002824,和胜股份,841.0289,1064.6592,1333.1156,1484.4936,2410.2286
300438,鹏辉能源,2098.4927,2568.7056,3308.448,3642.2259999999997,5692.8936
603939,益丰药房,4807.249,6912.5765,10276.1747,13144.5024,15326.3053
603859,能科科技,229.033,407.9542,765.7968,951.9077,1140.8536
300501,海顺新材,375.6172,507.1959,621.0304,713.785,856.8578
603716,塞力医疗,920.5165,1317.4461,1830.7716,2125.4716,2599.5473
603977,国泰集团,565.3069,868.31,1439.0386,1704.3825,1988.124
300566,激智科技,738.2845,908.444,1096.2111,1420.1719,1924.5204
603300,华铁应急,693.5111,887.6457,1153.8672,1524.3458,2606.8619
300573,兴齐眼药,360.0067,431.2047,542.4342,688.6821,1027.9149
002821,凯莱英,1423.0334,1834.8776,2459.9855,3149.6897,4638.8342
300517,海波重科,403.869,504.4626,729.4227,857.23,1117.8986
603568,伟明环保,1029.4574,1547.1275,2038.1062,3123.4892,4185.3695
300596,利安隆,1142.4099,1487.7493,1978.3115,2482.7871,3444.6361
603444,吉比特,1440.0077,1654.695,2170.3719,2742.2924,4619.0461
603986,兆易创新,2029.7088,2245.7863,3202.9171,4496.8949,8510.2235
603639,海利尔,1589.4219,2191.4652,2466.784,3227.1899,3698.8786
603797,联泰环保,184.6816,251.4774,488.1502,603.6545,785.0478
002845,同兴达,3663.6518,4095.3903,6195.9598,10601.0849,12860.4242
300569,天能重工,738.0059,1393.5669,2464.1799,3424.8744,4080.9524
300496,中科创达,1162.3272,1464.5837,1826.8586,2627.8836,4126.7425
603577,汇金通,802.7073,958.2410000000001,1618.3239,1937.0629999999999,2498.4348
300620,光库科技,230.3148,289.2783,390.78,491.6041,667.7996
688208,道通科技,721.6232,900.2546,1195.7996,1577.7751,2253.7127
603378,亚士创能,1355.3461,1662.2562,2424.9906,3506.6936,4715.1307
300628,亿联网络,1387.7632,1815.3594,2489.3467,2754.2861,3684.2412
300607,拓斯达,764.423,1198.0981,1660.3634,2755.4396,3292.7342
603387,基蛋生物,488.5828,686.2383,968.2043,1123.3356,1401.7014
300685,艾德生物,330.3713,439.0315,578.3555,728.3906,917.0334
603233,大参林,7421.1969,8859.2737,11141.1651,14582.8653,16759.3353
603916,苏博特,1679.6576,2315.9574,3306.6174,3652.2518,4521.8441
300693,盛弘股份,451.2871,531.2571,635.8448,771.355,1021.3849
603906,龙蟠科技,1297.4337,1497.7867,1712.9632,1914.5988,4053.5054
688179,阿拉丁,126.2014,166.7036,209.6034,234.2202,287.6613
603501,韦尔股份,2405.9163,3963.5094,13631.6706,19823.9654,24103.5096
002878,元隆雅图,819.2575,1051.5734,1571.6607,1990.4529,2285.8235
300832,新产业,1140.5647,1383.611,1681.5881,2194.9665,2545.4153
605168,三人行,758.4192,1099.5112,1631.4261,2807.7472,3570.9658
300659,中孚信息,281.1232,356.0264,602.8199,992.7343,1270.0433
603536,惠发食品,938.5119,1041.7765,1209.8143,1409.2324,1650.9224
603855,华荣股份,1479.4521,1631.2789,1942.5465,2282.7122,3027.3032
300595,欧普康视,311.6291,458.4198,646.9037,870.6636,1295.0458
002883,中设股份,232.1659,270.3943,311.8804,475.1697,606.3427
300953,震裕科技,305.1377,597.1685,749.5345,1195.7981,3034.1186
003020,立方制药,1166.5722,1424.5810000000001,1650.0319,1894.2914,2273.2545
300589,江龙船艇,422.9705,469.3523,550.7028,612.9902,690.6764
300680,隆盛科技,150.4664,226.5612,406.5522,578.0564,929.6974
002846,英联股份,457.898,818.9565,1170.3913,1332.1828,1829.5447
603396,金辰股份,570.8334,756.328,862.0172,1060.7527,1609.7527
603882,金域医学,3791.7177,4525.2528,5269.2665,8243.7635,11943.2236
002877,智能自控,307.4232,376.0511,476.6138,551.7247,734.2015
001979,招商蛇口,75454.6822,88277.8547,97672.1812,129620.8184,160643.413
605305,中际联合,289.381,355.6675,539.077,681.0068,882.8368
603050,科林电气,969.4739,1220.6538,1427.6493,1753.2419,2039.2077
601155,新城控股,40525.6848,54133.310999999994,85847.0414,145475.2255,168231.6779
603232,格尔软件,271.6536,308.5854,370.5413,444.8078,611.0717
603681,永冠新材,1410.1939,1701.0505,2144.2573,2414.0782,3840.0481
002847,盐津铺子,754.4258,1107.5539,1399.275,1958.8515,2281.5043
600926,杭州银行,14121.518,17054.256,21408.738999999998,24805.677000000003,29360.874
688680,海优新材,643.7565,715.4329,1063.22,1481.0924,3105.2841
603187,海容冷链,964.9495,1211.7677,1535.6327,1890.4891,2661.7939
300837,浙矿股份,225.1468,296.4896,369.3955,462.8232,573.2513
002982,湘佳股份,1154.1551,1514.1183,1877.8602,2189.5858,3005.5073
300642,透景生命,302.8882,364.8464,441.4525,489.5809,654.5886
603180,金牌厨柜,1441.9671,1701.6779999999999,2125.4448,2639.8390000000004,3447.7731
603583,捷昌驱动,694.7257,1115.9731,1407.7708,1868.2741,2636.9809
688398,赛特新材,205.1513,307.8827,400.9258,516.1968,711.2915
603613,国联股份,1999.7735,3673.6048,7197.6801,17157.7832,37229.79
300865,大宏立,318.0909,428.3572,528.1976,606.8076,694.2791
300604,长川科技,179.7945,216.1215,398.8341,803.8293,1511.2304
002860,星帅尔,354.7985,409.17900000000003,708.199,926.9799,1368.592
300638,广和通,563.3045,1249.1011,1915.0709,2743.5782,4109.3131
002967,广电计量,811.2726,1227.8824,1588.1567,1840.4187,2246.9527
300639,凯普生物,479.0851,580.3521,729.3928,1354.4968,2673.0229999999997
688095,福昕软件,221.4333,281.5906,368.9547,468.60400000000004,541.1213
300627,华测导航,678.1532,952.0453,1145.5227,1409.5259,1903.1782
002879,长缆科技,616.8916,694.7449,852.7753,940.5797,1057.7678
300611,美力科技,401.4991,545.0888,601.4866,673.6116,816.8196
688300,联瑞新材,210.9602,278.106,315.3011,404.2034,624.7096
603817,海峡环保,348.6879,482.4989,640.5507,732.8021,889.5788
603127,昭衍新药,301.279,408.7982,639.3793,1075.9049,1516.68
300867,圣元环保,468.8582,757.3839999999999,888.3392,1033.7257,2295.681
301062,上海艾录,458.8997,546.4362,645.0172,774.9121,1120.1495
300630,普利制药,324.8267,623.9042,950.0952,1188.6034,1508.8294
300699,光威复材,949.3674,1363.5557,1714.9505,2115.519,2607.3078
300666,江丰电子,550.0257,649.6832,824.9648,1166.5426,1593.9127
688191,智洋创新,136.7915,219.3712,328.5415,502.2333,656.0189999999999
002972,科安达,235.3935,268.7902,320.8206,360.5482,400.8457
301127,天源环保,138.3791,263.5529,451.2694,549.8886,759.9121
300715,凯伦股份,394.228,619.3078,1164.9961,2007.6466,2585.7839
688287,观典防务,81.3588,104.5769,145.9138,179.7682,229.8632
300839,博汇股份,361.8178,582.1993,827.1645,972.2865,1458.1128
300872,天阳科技,605.4178,781.1631,1062.1276,1315.3277,1776.0929999999998
688701,卓锦股份,157.2702,210.6825,291.0403,340.836,413.1857
603283,赛腾股份,683.1754,904.3864,1205.5128,2028.3696,2318.5544
002949,华阳国际,592.6805,916.0996,1194.6489,1894.0938,2876.4817
603801,志邦家居,2156.8754,2432.9943,2962.14,3840.4446,5152.7978
002901,大博医疗,594.0146,772.4695,1257.318,1586.8602,1994.3338
603236,移远通信,1660.8008,2701.474,4129.746,6105.7794,11261.9217
300656,民德电子,122.5265,274.5728,305.3722,403.21,546.2842
688109,品茗科技,144.7935,221.5227,282.8684,379.6009,475.4956
603605,珀莱雅,1783.0287,2361.2488,3123.5202,3752.3868,4633.1505
688580,伟思医疗,144.4951,207.7815,318.8732,378.3673,430.0445
688269,凯立新材,464.6175,611.3028,708.4351,1052.182,1589.33
300813,泰林生物,142.0181,159.0977,180.9283,200.2375,283.2485
002892,科力尔,591.6594,720.9207,850.6994,993.1917,1434.5385
300687,赛意信息,708.8955,909.4969,1075.6465,1385.3088,1934.9325
300980,祥源新材,149.1253,215.6172,284.2764,316.6923,457.4455
300853,申昊科技,282.7044,361.1759,404.5289,611.5505,769.337
300725,药石科技,273.2506,478.2543,662.2309,1022.2292,1201.6291
300692,中环环保,232.5329,390.13699999999994,653.8299,950.1568,1165.595
301017,漱玉平民,2475.6712,2887.7408,3466.8034,4675.1792,5321.6392
688131,皓元医药,173.9667,300.1951,408.969,635.1007,969.2256
301077,星华新材,330.1712,462.7287,539.0502,622.1181,791.9334
300674,宇信科技,1624.2786,2140.5607,2651.7268,2981.5873,3726.2045
300737,科顺股份,2038.7881,3096.7493,4651.957,6237.8785,7770.7242
300726,宏达电子,524.366,636.3146,844.0417,1400.8576,2000.3501
002897,意华股份,1215.0236,1387.6707,1627.754,3268.2768,4489.5894
003001,中岩大地,391.6292,758.6853,1023.6492,1129.2164,1377.3587
603183,建研院,443.9886,494.6064,611.3642,785.8852,903.3785
301302,华如科技,177.3469,245.6669,319.8563,526.3499,686.4178
688793,倍轻松,357.4664,507.9937,694.1157,826.4846,1189.5396
603356,华菱精工,681.6371,975.8339,1442.6131,1911.9458,2233.9246
002918,蒙娜丽莎,2889.8762,3208.4001,3804.0615,4863.8486,6986.5213
002929,润建股份,2778.3947,3231.6801,3717.025,4192.6338,6602.3283
688669,聚石化学,880.428,1068.9133,1474.3259,1924.4460000000001,2541.7226
603386,骏亚科技,988.4555,1120.073,1472.181,2065.7470000000003,2726.9014
002896,中大力德,498.1154,599.0515,676.1899,760.5733,952.9738
603506,南都物业,819.5234,1058.6286,1244.4685,1413.4746,1592.9171
603661,恒林股份,1895.8938,2317.8111,2903.737,4743.0937,5777.7954
688026,洁特生物,166.7884,207.4796,247.4959,503.9338,855.6582
688799,华纳药厂,374.8742,613.2481,824.6489,941.8366,1146.599
301135,瑞德智能,698.1782,831.4053,942.8839,1090.2041,1324.0611
688601,力芯微,301.6254,344.3432,474.5792,542.8367,773.5646
300671,富满微,439.7344,496.6887,598.2244,836.247,1369.9171
300909,汇创达,255.6473,302.9572,406.9023,608.6993,827.2046
300925,法本信息,431.5664,782.3911,1306.6923,1947.7375,3088.2275
688395,正弦电气,170.9918,221.5252,281.1226,402.9251,445.4505
688239,航宇科技,225.5241,332.5754,588.7622,670.6696,959.7811
603278,大业股份,1885.0302,2439.3524,2729.9998,3073.6872,4143.5178
601330,绿色动力,784.8385,1055.0607,1752.4491,2277.6188,5056.8894
603466,风语筑,1499.1989999999998,1708.3613,2029.9152,2256.3019,2939.9063
300748,金力永磁,912.4272,1289.3399,1696.8385,2419.3067,4080.0724
301237,和顺科技,146.5755,183.6018,236.8376,377.0085,639.6238
002999,天禾股份,5881.925,7191.0083,9012.3373,10036.8712,13000.2744
605196,华通线缆,1903.7771,2614.9516,2954.6343,3375.7679,4397.0747
002891,中宠股份,1015.3517,1412.2583,1716.2386,2232.7545,2881.5527
688367,工大高科,101.3347,144.8516,167.2768,210.9339,250.4709
603191,望变电气,570.6156,881.1568,1107.5158,1297.6169,1933.3499
603707,健友股份,1112.726,1700.3307,2469.6693,2914.8809,3686.6929999999998
688595,芯海科技,163.9477,219.2963,258.4064,362.796,659.0812
603659,璞泰来,2249.3588,3311.0253,4798.526,5280.6741,8995.8941
300855,图南股份,344.9028,434.087,484.1882,546.3407,697.8655
301117,佳缘科技,78.3489,103.2496,131.0104,190.5602,316.8405
688679,通源环境,422.6475,596.7649,773.8161,853.4968,962.2883
688663,新风光,376.8334,532.4874,631.2258,843.9368,942.8082
688798,艾为电子,521.8665,693.8044,1017.6499,1437.6637,2327.0014
300724,捷佳伟创,1242.7793,1492.7405,2527.1635,4044.2497,5047.2098
300920,润阳科技,168.3653,324.8206,364.968,434.1247,501.5017
300776,帝尔激光,165.4126,364.8842,699.9479,1072.2833,1256.7915
300976,达瑞电子,366.0993,607.0637,866.7846,959.4798,1214.1662
688733,壹石通,81.1131,115.5857,165.1176,192.2664,422.7025
688359,三孚新科,148.9154,188.4866,221.3609,286.7639,375.6513
688319,欧林生物,44.653999999999996,76.3352,179.1141,320.1092,487.1516
688076,诺泰生物,230.5199,266.8194,371.5306,566.8725,643.8695
301096,百诚医药,25.586,82.1221,156.4156,207.2478,374.3118
603129,春风动力,1817.826,2545.4626,3242.2316,4525.6153,7861.488
688265,南模生物,87.2022,121.4422,154.8029,196.1904,275.269
300785,值得买,367.0043,507.5938,662.0292,909.5661,1403.1406
301257,普蕊斯,116.3567,195.7654,303.5447,335.2906,502.9667
300866,安克创新,3912.4469,5232.2182,6654.7382,9352.6293,12574.2033
603666,亿嘉和,373.8802,505.1087,723.7457,1005.6077,1284.9342
002968,新大正,767.5357,885.8456,1054.6035,1318.3488,2088.2639
002947,恒铭达,449.3915,500.6503,584.9209999999999,643.6237,1130.1695
300897,山科智能,206.0175,241.6898,320.8283,380.7833,484.0324
300843,胜蓝股份,459.8395,645.2705,724.3867,914.8428,1302.8012
300896,爱美客,222.49,321.01099999999997,557.7157,709.2902,1447.872
688625,呈和科技,203.8843,304.3601,392.1326,458.9188,576.2168
688283,坤恒顺维,47.8682,57.7319,105.4591,130.1887,162.8933
300815,玉禾田,2151.9757,2816.3676,3594.5820000000003,4315.2195,4833.6276
603657,春光科技,456.5584,507.0844,562.8663,854.002,1294.5651
603713,密尔克卫,1291.2063,1783.9059,2418.7982,3426.9522,8644.719000000001
688052,纳芯微,29.8307,40.2233,92.1032,241.9871,862.0932
603267,鸿远电子,736.668,923.4309,1054.4593,1700.0354,2403.1059
688066,航天宏图,288.0097,415.6559,601.1715,846.698,1468.4438
300454,深信服,2472.4745,3224.4505,4589.8989,5458.3952,6804.9035
301031,中熔电气,135.5668,158.1952,191.21200000000002,226.2327,384.9165
301218,华是科技,231.1262,290.3774,409.5122,467.7944,524.3701
301131,聚赛龙,669.2867,868.2878,999.0545,1108.162,1303.0815
301191,菲菱科思,749.2478,902.9914,1040.3791,1513.3971,2207.8252
603259,药明康德,7765.2599,9613.6836,12872.2064,16535.4315,22902.3851
300760,迈瑞医疗,11173.7954,13753.3575,16555.9913,21025.8464,25269.5808
300986,志特新材,301.1334,559.6734,861.9706,1119.5795,1481.17
605266,健之佳,2346.8752,2765.8515,3528.5261,4466.3574,5234.9554
301149,隆华新材,1428.0588,1794.5248,2025.9470000000001,2412.6159,4275.2413
300770,新媒股份,445.9579,643.1641,995.9958,1220.6895,1409.0539
300759,康龙化成,2294.1181,2908.123,3757.1601,5133.5968,7443.7697
300768,迪普科技,616.9630000000001,704.0556,803.8392,891.2666,1030.2545
688237,超卓航科,27.4538,41.1115,51.2306,122.4923,141.3058
300758,七彩化学,552.7503,610.9494,694.5849,1008.3035,1346.8962
688111,金山办公,753.265,1129.6811,1579.5206,2260.9684,3280.0588
300762,上海瀚讯,386.0649,425.7568,545.9699,640.8641,729.247
688083,中望软件,186.9178,255.0308,361.07800000000003,459.19699999999995,618.6807
300751,迈为股份,475.9193,787.8614,1437.7089999999998,2285.4427,3095.3912
300594,朗进科技,411.9704,473.6407,525.7039,583.8064,675.8043
301150,中一科技,498.4047,602.4528,830.7512,1169.6677,2196.5822
688202,美迪西,247.8723,323.6407,449.3928,665.9559,1167.2616
688622,禾信仪器,102.5695,134.869,219.8372,312.2721,464.2373
688299,长阳科技,467.4602,691.0399,910.2611,1045.0445,1296.6881
688238,和元生物,27.8251,43.0685,62.9145,142.7691,254.9491
300894,火星人,700.1838,955.6427,1326.1621,1614.1199,2318.6828
688063,派能科技,143.3377,426.0255,819.8492,1120.0701,2062.515
688006,杭可科技,770.9828,1109.3062,1313.0258,1492.868,2483.3131
301002,崧盛股份,215.4245,438.8241,567.7085,676.4205,1100.8301
603489,八方股份,615.4064,942.1008,1196.6455,1397.1943,2647.2287
603529,爱玛科技,7794.4869,8989.7789,10423.831,12904.5861,15398.7109
300790,宇瞳光学,770.0232,997.6889,1231.0669,1471.4708,2061.7389
002973,侨银股份,1186.9538,1575.9032,2195.31,2829.1087,3331.7329999999997
301229,纽泰格,219.5703,287.067,413.254,495.6256,548.7213
688301,奕瑞科技,355.7399,439.4202,546.1112,784.0807,1187.3529
300816,艾可蓝,372.9405,445.2492,565.9792,677.1089,866.1462
002988,豪美新材,2363.321,2682.3764,2967.7485,3437.1394,5599.5115
601827,三峰环境,2969.9906,3432.7709999999997,4363.985,4929.2188,5873.8164
301015,百洋医药,3095.5434,3652.4617,4848.6635,5879.3229,7051.5672
002985,北摩高科,289.9466,331.2757,413.788,686.68,1132.3727
603290,斯达半导,448.6333,675.3677,779.4397,963.003,1706.6432
688188,柏楚电子,210.3784,245.2641,376.07099999999997,570.8293,913.4397
688499,利元亨,402.597,681.3733,888.8969,1429.9652,2331.349
688606,奥泰生物,129.4236,183.8159,241.3355,1135.6741,1873.4277
003028,振邦智能,475.7643,567.5551,696.5213,994.1867,1317.2325
300977,深圳瑞捷,173.9473,310.3898,496.4766,572.6708,778.2121
605117,德业股份,1506.121,1690.626,2570.0136,3023.8419,4167.93
688330,宏力达,252.4642,414.7764,705.1296,908.5199,1132.0608
688568,中科星图,226.3466,356.5764,489.411,702.5415,1039.9473
605089,味知香,358.7868,465.95099999999996,542.4245,622.4685,764.6464
605337,李子园,602.0377,787.0523,974.5461,1087.5717,1469.7233
300822,贝仕达克,472.7166,558.7427,736.9912,885.8054,1080.9772
300870,欧陆通,813.7908,1102.1642,1312.58,2083.4732,2571.948
002993,奥海科技,1153.2207,1661.1807,2316.0159,2945.2029,4245.2757
300884,狄耐克,381.0145,456.5654,615.1076,777.9002,941.7204
688298,东方生物,224.2374,285.8928,367.3768,3265.3556,10169.1677
688039,当虹科技,138.9842,203.5519,284.518,365.8913,418.1989
605222,起帆电缆,4598.2970000000005,6322.6779,7647.2433,9735.8677,18877.5417
605007,五洲特纸,1860.8956,2149.0014,2375.9279,2634.6623,3689.5217
688016,心脉医疗,165.1348,231.1275,333.7325,470.2523,684.6307
688198,佰仁医疗,92.3471,110.648,146.0333,181.9179,251.8176
605369,拱东医疗,431.3012,482.5518,552.9796,829.6518,1194.2542
688200,华峰测控,148.57299999999998,218.6767,254.6107,397.4844,878.2693
300917,特发服务,507.596,699.015,891.2199,1108.6598,1691.1089
300852,四会富仕,298.6815,370.2789,479.1598,650.2104,1049.6914
688155,先惠技术,290.5102,325.2577,364.9439,502.3524,1101.9812
300952,恒辉安防,447.8355,511.1795,597.1793,829.2604,949.5163
003013,地铁设计,1250.136,1476.9629,1644.4719,1870.3085,2380.604
002990,盛视科技,334.0699,507.2388,807.3864,935.1099,1126.8095
688068,热景生物,142.089,187.1231,210.4123,513.5336,5369.2038
688363,华熙生物,818.0492,1263.1457,1885.5707,2632.7340000000004,4947.7738
003031,中瓷电子,343.2373,407.028,590.4179,816.1627,1013.7572
605016,百龙创园,310.6097,355.534,421.0533,499.6243,653.3561
300873,海晨股份,672.2289,807.5319,920.3404,1073.8963,1467.6159
300982,苏文电能,471.458,667.6367,990.429,1368.8244,1855.9193
688015,交控科技,879.6198,1162.5205,1651.7751,2026.1708,2582.1267
688139,海尔生物,621.4075,841.6686,1012.5204,1402.029,2125.8627
688598,金博股份,141.8562,179.5456,239.523,426.4688,1337.8967
300937,药易购,1586.78,2023.9886,2289.3748,2790.1339,3400.5807
300910,瑞丰新材,465.7904,530.4661,656.7076,860.8554,1081.1015
605008,长鸿高科,491.2761,1020.64,1157.3331,1297.2828,1733.3373
002987,京北方,1009.7779,1225.9902,1686.9503,2292.5685,3054.2622
600032,浙江新能,935.6518,1250.7077,2102.3784,2346.5142,2909.5338
688333,铂力特,219.9484,291.4792,321.7428,412.1681,551.993
300850,新强联,370.5778,457.1282,643.097,2064.401,2476.8744
301081,严牌股份,290.4954,369.8424,472.0201,572.27,708.6446
003035,南网能源,936.2226,1219.0739,1508.4001,2008.8527,2600.1032
605123,派克新材,483.7311,653.1046,884.4283,1027.7732,1733.3476
688166,博瑞医药,316.7705,411.27,503.1567,785.3827,1052.4086
688559,海目星,637.7153,800.7019,1030.9239,1320.5907,1984.3307
688311,盟升电子,160.5682,202.4881,283.065,423.2318,475.788
688777,中控技术,1714.86,2133.4316,2536.9297,3158.7434,4519.4125
688002,睿创微纳,155.7223,384.1047,684.6563,1561.4425,1780.2866
688399,硕世生物,187.2862,230.7003,288.7947,1739.6807,2839.0363
688356,键凯科技,77.0901,101.2689,134.3196,186.6226,351.1906
688036,传音控股,20043.6263,22645.8812,25345.9296,37791.8889,49411.9017
688389,普门科技,250.8297,323.4293,422.6443,553.823,778.1071
688321,微芯生物,110.5034,147.689,173.8004,269.4698,430.45
688085,三友医疗,139.9692,222.3129,354.3193,390.4325,593.3593
688023,安恒信息,430.3981,640.4208,944.0329,1322.9727,1820.3281
688050,爱博医疗,74.8111,126.9728,195.1975,273.0487,433.0707
688126,沪硅产业,693.7959,1010.4455,1492.5098,1811.2778,2466.8322
688012,中微公司,971.9206,1639.2883,1946.9493,2273.2919,3108.1347
688158,优刻得,839.7997,1187.4332,1514.9176,2455.1343,2901.2473
301177,迪阿股份,1117.2042,1500.1135,1664.5065,2464.498,4622.7298
300951,博硕科技,281.3953,392.3233,505.0389,686.4022,835.921
301086,鸿富瀚,240.6164,346.1259,444.8013,650.6966,739.5534
688211,中科微至,152.6664,324.504,750.7139999999999,1204.4153,2209.6257
688171,纬德信息,47.9718,82.3296,122.3887,135.8989,177.5611
300957,贝泰妮,798.0442,1240.4902,1943.7455,2691.8041,4022.4034
688661,和林微纳,93.1455,114.6094,189.4647,229.3817,370.0997
688112,鼎阳科技,122.2744,154.1101,189.5495,220.8003,303.8232
301228,实朴检测,92.6657,177.7131,297.9585,359.8999,424.8662
301110,青木股份,216.3959,305.5446,361.2148,648.702,879.5261
301102,兆讯传媒,337.7989,374.7994,436.0474,488.0636,619.0807
688686,奥普特,302.6119,422.131,524.6186,642.4273,875.053
001209,洪兴股份,652.0005,860.128,1008.4178,1131.3574,1284.6673
003038,鑫铂股份,583.2012,704.9546,924.007,1287.2294,2596.5491
300959,线上线下,276.02299999999997,458.7517,532.3408,1102.0187,1294.6065
688232,新点软件,846.5286,1188.4018,1526.9844,2124.6507,2794.4386
605588,冠石科技,313.6815,449.974,835.4247,1105.4701,1396.6919
301029,怡合达,376.1067,624.7286,761.0006,1209.6805,1802.8207
301179,泽宇智能,273.2138,311.1842,454.6434,583.6588,703.35
301125,腾亚精工,247.3877,277.5859,318.9038,367.2272,479.7465
688201,信安世纪,220.4413,269.3415,317.839,417.9839,524.6044
301022,海泰科,221.608,271.9702,341.8997,455.5264,592.3372
688618,三旺通信,112.5037,147.0011,172.4678,209.1931,253.8517
301000,肇民科技,233.3073,295.0573,334.6936,494.589,584.3903
688665,四方光电,105.057,117.5407,233.2548,307.9064,547.4671
300990,同飞股份,333.8883,377.8159,418.5612,612.2856,829.4323
301129,瑞纳智能,160.0305,206.5511,348.2871,415.9936,529.5825
300973,立高食品,955.9915,1313.453,1583.7295,1809.6901,2816.9829999999997
688082,盛美上海,253.5873,550.2691,756.7330000000001,1007.4718,1620.8691
001228,永泰运,537.252,668.18,826.5516,952.2893,2144.5755
688059,华锐精密,134.1651,213.635,258.92900000000003,312.1859,485.4773
688668,鼎通科技,134.6873,201.0609,225.7611,357.7591,567.9865
300956,英力股份,740.3685,1037.5077,1262.2176,1512.1713,1689.6299
688698,伟创电气,322.8551,356.9579,446.2355,572.2303,818.875
301055,张小泉,341.3206,410.0942,484.0149,572.2566,760.0406
688121,卓然股份,688.8509,816.0717,1395.0375,2727.5068,3900.8866
688617,惠泰医疗,153.1739,241.7728,403.9636,479.4363,828.6879
688619,罗普特,195.6662,364.4525,507.3388,617.3734,724.357
300844,山水比德,188.5739,287.4451,400.4878,490.2148,589.7422
688690,纳微科技,57.1354,82.3958,129.7009,204.9929,446.3468
001211,双枪科技,500.3301,608.0465,717.7558,833.9615,975.7068
301268,铭利达,736.8697,942.122,1360.933,1516.4935,1837.7445
688636,智明达,170.8112,234.7323,260.6595,324.6657,449.4248
688102,斯瑞新材,393.0674,491.5445,565.6457,680.6718,967.6403
301008,宏昌科技,316.1543,385.0921,506.1016,577.0044,767.8235
688766,普冉股份,77.8011,178.2527,362.9896,717.332,1102.924
301080,百普赛斯,47.1794,69.8416,103.29299999999999,246.3186,384.9877
688314,康拓医疗,72.487,109.5033,147.8039,164.0756,212.5477
301137,哈焊华通,869.0517,1078.2336,1191.0099,1362.7377,1715.5786
688386,泛亚微透,183.5774,208.7966,245.278,277.7347,316.6152
688225,亚信安全,648.9989,872.6836,1076.792,1274.5947,1667.4679999999998
688685,迈信林,106.4186,183.4373,249.1656,286.5466,320.7197
688768,容知日新,100.4369,113.1216,180.1237,263.7785,397.0964
301103,何氏眼科,476.4452,613.7277,745.5638,838.4733,962.4514
001208,华菱线缆,919.9918,1212.7013,1503.1102,1698.3933,2543.1909
300919,中伟股份,1861.6119,3068.2164,5311.2128,7439.6241,20072.4913
688621,阳光诺和,36.0499,134.7959,233.5256,347.3564,493.6465
688767,博拓生物,121.7708,180.3014,208.842,865.3715,1818.0759
688305,科德数控,74.5278,102.8254,141.9046,198.1314,253.58900000000003
301235,华康医疗,383.1261,427.2283,602.1501,761.821,860.8061
688119,中钢洛耐,1418.155,1641.1468,1819.9315,2018.1432,2654.5332
688557,兰剑智能,150.8643,348.5021,395.4015,451.8025,603.8899
688696,极米科技,998.6421,1658.5693,2116.402,2827.9224,4037.6844
688105,诺唯赞,112.3723,170.8047,268.3801,1564.4543,1868.6273
688575,亚辉龙,530.0606,728.6448,877.3579,999.007,1177.8962
301175,中科环保,387.2419,534.3518,604.2387,686.4836,1509.8015
301236,软通动力,7008.7912,8139.2531,10604.7251,12999.2945,16623.2087
301239,普瑞眼科,805.6110000000001,1016.4335,1192.5987,1362.1206,1710.1907
688075,安旭生物,110.9963,163.7331,209.8023,1199.766,1589.2791
688538,和辉光电,616.3619,802.5821,1513.0853,2502.0544,4020.5466
688630,芯碁微装,22.1804,87.2953,202.2612,310.0876,492.2451
688195,腾景科技,83.0113,126.3282,179.0259,269.2501,302.7498
688561,奇安信,821.2438,1816.7728,3154.1292,4161.1741,5809.0756
688772,珠海冠宇,2935.0567,4746.9509,5331.0508,6964.1533,10339.9573
688259,创耀科技,70.9902,108.9381,165.3258,209.5217,640.6631
688220,翱捷科技,84.2335,115.3911,397.9416,1080.9581,2136.8949
688608,恒玄科技,84.5657,329.9556,648.8416,1061.1711,1765.3382
